,churn
52,False
4720,False
1448,False
9354,False
8123,False
9068,False
59,False
3215,False
7215,False
7748,False
5835,False
4886,True
5770,False
8139,False
7454,False
4918,True
7208,False
4944,False
9696,False
5347,False
2158,True
4834,False
5875,False
5867,True
9456,False
5413,False
4323,False
4881,True
7229,False
1343,False
7892,False
2276,False
4150,False
9239,False
352,False
7317,False
373,False
8944,False
8387,False
4571,False
3722,True
6255,False
6589,False
7735,False
9386,False
9417,False
7231,False
4486,False
8583,False
1132,True
4783,False
9689,False
4597,False
1202,False
5014,False
9813,False
3843,True
997,False
401,True
6289,False
8336,False
9929,False
9087,False
295,False
2796,True
2729,False
1381,False
8629,False
9603,False
5805,False
5181,False
6727,False
2004,True
4983,False
3771,True
1662,True
7842,False
6022,False
1456,True
1582,True
2515,False
5999,False
626,True
8935,False
463,False
2212,False
1521,False
7128,False
6058,False
1361,True
4068,True
7183,False
8503,True
9924,False
6952,False
710,True
6325,False
5144,False
304,False
9106,False
3377,True
9972,False
3216,True
7594,False
8165,False
5877,False
7647,False
2108,False
4163,False
1590,False
3244,True
6997,False
7669,False
5264,False
4694,False
4339,True
9568,False
1941,True
6834,False
3438,False
5486,False
616,True
9034,False
9086,False
9948,False
2320,False
3168,True
5548,False
8475,False
2981,True
9069,False
2466,False
923,True
5087,False
964,False
6496,False
7284,False
8898,False
2071,False
2124,False
3554,True
3269,False
1501,False
5411,False
4201,True
4865,True
2534,True
4543,False
8627,False
7987,False
5644,False
1535,True
116,False
3160,True
5791,False
4945,False
5476,False
3369,True
580,False
8523,True
8006,False
302,True
5420,False
4321,False
3394,True
6540,True
2911,False
2109,True
7887,False
4417,False
7948,False
5103,False
2652,True
4422,True
2373,True
6095,False
1907,True
5937,False
7148,False
6103,False
2942,False
7576,False
6646,False
8596,False
4655,True
3788,False
612,False
3532,True
9378,True
4245,False
4476,False
3932,False
4644,True
4938,False
6507,False
2772,False
2378,True
6549,False
6586,False
5141,False
9058,False
310,False
543,True
6233,False
2713,True
708,True
3313,False
6376,False
4026,True
4838,False
2681,False
65,False
7825,False
6569,False
1017,False
2184,True
2115,True
2521,False
8978,False
8374,False
821,True
9420,False
5115,False
4954,False
779,True
4344,False
19,True
6605,False
6347,True
9974,False
88,True
7075,False
6313,False
9722,False
8923,False
1015,False
6424,False
1600,False
3251,True
6517,False
8350,False
2333,False
5873,False
2465,True
6301,False
9299,False
7273,False
9439,False
3404,True
8276,False
1021,True
9291,False
7360,False
3444,False
3654,False
5468,False
9895,False
3587,False
3938,True
3787,True
819,True
5128,False
5973,False
8864,False
3412,True
2161,False
9434,False
8581,False
550,True
2558,True
3980,False
3219,False
7471,False
1311,False
3002,False
6182,False
8354,False
6414,False
4847,False
3363,True
3753,True
7447,False
7906,False
8294,False
2938,False
3982,False
6213,False
5553,False
6226,True
2245,True
4378,False
1803,True
7949,False
7238,False
7521,False
5735,False
880,False
4505,False
5590,False
9940,False
4920,False
6638,False
7429,False
1518,False
4390,True
4293,False
8087,False
9770,False
168,False
1116,False
7118,True
1678,False
7894,False
3906,False
6348,False
9009,False
3786,False
2361,True
898,False
2267,False
2596,True
8486,False
4298,True
3068,True
6912,False
7046,False
5545,False
5907,False
5892,False
6407,False
3253,False
5881,False
8513,False
8185,False
3607,False
6991,False
6986,False
4643,True
5124,False
2682,False
5535,False
2417,True
6200,False
9047,True
8197,False
2074,False
5894,False
6890,False
2734,False
4337,False
3294,False
2799,True
5686,False
2131,True
9222,False
1932,True
6561,False
9336,False
1255,False
8774,False
2957,False
7524,False
4741,True
6698,False
6382,False
3492,True
1405,True
3278,False
4223,True
3963,True
4786,True
7329,False
5979,False
2125,False
5343,False
2701,True
659,False
8668,False
8853,False
8604,False
738,False
8023,False
1178,True
3048,True
7366,False
7709,False
1263,False
4270,True
2975,False
7265,False
414,False
2148,False
8078,False
7644,False
4547,True
5902,False
9856,False
1000,True
4928,True
254,True
1609,True
9184,False
9892,True
5591,False
3370,True
7797,False
7589,False
7641,False
3353,False
8009,False
4618,True
5266,False
2592,False
3983,False
1384,False
2504,False
4451,False
359,False
3057,False
5099,False
1947,False
8610,True
3733,False
1243,True
6172,False
9005,False
8444,False
1274,False
2277,False
126,True
7063,False
1984,False
6882,False
9949,False
3612,False
2645,True
6399,False
66,True
8215,False
9008,False
3911,True
5834,False
5681,False
3334,False
9042,True
7334,False
1835,False
1789,True
756,False
8772,False
6472,False
7319,False
4931,True
1909,False
5656,True
2120,False
1190,False
354,True
2472,True
8974,False
5267,False
7522,False
6614,False
8454,False
6818,False
7230,False
2379,True
1657,False
3084,False
2426,False
296,False
9684,False
2422,True
8649,False
7202,False
4826,True
5524,False
4588,False
7531,False
9905,False
7419,False
8132,False
3740,True
6270,False
2792,False
6235,True
5738,False
4430,True
9453,False
9195,False
6457,False
9741,False
2270,True
5218,False
3256,True
6030,False
9576,False
3029,True
611,True
9666,False
8397,False
9931,False
3672,True
4752,False
1398,False
438,False
1162,True
8465,False
2902,False
7904,False
3293,False
7021,False
9088,False
2973,True
2471,False
7886,False
4077,True
1167,False
4962,True
804,True
5740,False
7918,False
7850,False
5065,False
4412,False
1442,False
1194,False
9527,False
7800,False
15,True
1352,True
4443,False
4677,True
4078,False
1584,False
836,False
7754,False
7115,False
339,True
8035,False
1987,True
8536,False
1485,False
2979,False
8927,False
1411,False
9142,True
2026,True
6445,False
5714,False
4380,True
6322,False
5134,False
9951,False
5416,False
2668,False
451,False
2418,True
5599,False
6878,False
6824,False
9393,False
5396,False
1541,False
711,False
8431,False
8030,False
8482,False
5333,False
4198,False
4235,False
2885,False
7083,False
190,False
5089,False
3053,False
8999,False
5261,False
795,True
4856,True
811,False
3801,False
4948,True
1614,False
4130,True
2062,False
7939,False
7451,False
99,False
490,True
3125,True
4725,False
631,True
6619,True
6850,False
3254,False
1472,False
5918,False
219,False
9525,False
5860,False
1811,True
1146,False
8716,False
9347,False
9639,False
6098,False
806,False
2308,True
6848,False
591,True
9245,False
4346,False
220,True
3966,True
2444,True
1953,True
1268,True
6254,False
5207,False
8343,False
123,False
1309,False
311,True
8677,False
3627,False
6778,False
2366,True
5308,False
1793,True
594,True
578,False
3441,True
4090,False
378,False
9745,False
5673,False
5803,False
1217,False
4888,False
5425,False
2805,True
6083,False
5723,False
3488,True
9623,False
8831,False
4191,True
5616,False
151,False
4546,False
2531,True
856,True
4860,False
5444,False
9422,False
2287,True
9965,False
4753,True
4993,False
5101,False
4854,False
2479,True
9644,False
1449,True
6244,False
7038,False
6816,False
165,False
5171,False
4382,False
8349,False
7203,False
9124,False
8938,False
5241,False
7234,False
1841,False
6026,False
7481,False
6980,False
8745,False
1290,True
8568,True
7757,False
4256,False
4474,True
9999,False
1893,False
2541,True
1740,True
5655,False
7254,False
2166,True
1627,False
5565,False
3726,False
1867,False
1968,True
9099,False
2246,False
2,False
4602,False
4015,False
7515,False
4156,True
9874,False
1079,True
3192,True
6133,False
6655,False
2856,True
17,True
5169,False
6190,False
5804,False
807,False
5350,False
6072,True
9579,False
210,False
112,True
7714,False
4645,False
3782,False
3746,True
8348,False
573,True
6921,False
5755,False
5733,False
4341,True
3981,False
8551,False
5554,False
5563,False
2582,False
5192,False
5392,False
8821,False
2007,True
3986,True
3327,False
6188,False
9532,False
6372,False
9475,True
3582,True
8041,False
7293,False
1820,False
501,True
500,False
1900,True
641,True
7807,False
3747,True
9289,False
6219,False
4719,True
9560,False
3827,False
9499,False
7601,False
7998,False
1605,False
1013,True
8471,False
5746,False
5584,False
8530,False
8650,False
9176,False
1313,False
1418,True
6799,False
9366,True
1075,True
8174,True
7371,False
4598,False
567,False
6536,False
8889,False
1747,True
5212,False
9226,False
2234,True
5634,False
7884,False
3248,True
9408,False
8372,False
2043,True
8491,False
2640,True
4970,False
2625,False
9476,False
5489,False
1106,True
7990,False
581,True
4939,False
5659,False
6996,False
1931,False
7326,False
6300,False
7789,False
1898,False
2813,False
1736,True
4761,True
7143,False
1302,True
4389,False
9835,False
8832,False
8901,False
6107,False
5247,False
2606,True
2037,True
2860,True
1487,False
5729,False
4829,False
8113,False
2468,True
5848,False
9404,False
6011,False
771,True
5960,False
8735,False
2355,False
7765,False
6647,False
6324,False
5323,False
2717,False
278,True
2847,True
8903,False
148,True
3392,True
7973,False
897,False
9878,False
3204,False
8516,False
6831,False
557,True
9189,False
8160,False
3646,False
1005,False
6612,False
1956,False
1443,True
9616,False
2058,False
9257,False
6907,False
141,True
4051,False
4439,False
7035,False
6449,False
4063,False
7699,False
91,True
3829,False
4738,True
2665,True
1561,True
785,False
3970,False
2739,True
5762,False
6144,False
974,True
3962,False
2290,True
9367,False
9282,False
277,False
7902,False
8947,False
1769,False
9377,False
2706,True
2443,True
5751,False
3914,True
6046,False
7738,False
9543,False
3804,True
4260,False
3210,False
1477,False
5334,False
1778,True
3282,False
4242,False
5915,False
5117,False
3882,True
2117,True
7076,False
4369,False
7385,False
669,False
5705,False
2721,False
4857,True
5693,False
8840,False
2300,False
7135,False
8451,False
5449,False
8271,False
2832,False
8322,False
3857,False
2608,False
7082,False
5490,False
8756,False
3480,False
2844,True
5480,False
7483,False
4932,False
2851,False
8819,False
9906,False
5339,False
7752,True
1363,False
2818,False
6588,False
7978,False
814,False
4440,False
3564,False
6121,False
952,True
9614,True
9329,False
5974,False
5050,False
9650,False
3250,True
93,True
3434,False
8299,False
6464,False
2675,True
7687,True
8459,False
4747,False
7092,True
6763,True
918,False
2901,True
9993,False
9992,False
114,True
8027,False
4991,False
1473,True
6150,False
2548,True
8077,False
2360,False
2949,False
6145,False
4976,True
8157,False
2082,True
4925,False
5440,False
6538,False
331,True
2594,True
50,True
1651,False
4835,True
2385,True
9769,False
6437,False
1848,True
387,True
9968,False
9677,False
2613,True
9391,False
2730,False
1189,False
7066,False
8194,False
1954,False
2833,False
6007,False
2077,True
6439,False
5439,False
8212,False
1780,True
3692,True
3016,True
8217,False
3259,False
4698,True
2189,True
2984,True
7588,False
5378,False
662,False
199,False
2953,False
3624,True
1367,False
3749,True
6413,True
9595,True
3633,True
1713,True
7101,False
3410,False
1858,False
9319,False
2057,False
6730,False
2633,False
2768,True
194,True
5154,False
5629,False
5944,False
8480,False
8477,False
9253,False
3960,True
2228,True
6671,False
9140,False
3535,True
9590,False
5606,True
1120,False
7776,True
7974,False
9923,False
6316,False
9355,False
2910,False
444,False
5853,False
2638,False
4672,False
418,False
2452,True
9082,False
4676,True
67,True
9762,False
2438,True
1186,False
7982,False
6874,False
4104,False
7935,True
3022,False
7700,False
8407,False
5320,False
3120,True
3922,False
3096,False
4998,False
9551,False
8163,False
7270,False
9011,False
9325,False
506,False
6927,False
1452,False
4493,False
1635,True
1358,True
4197,True
4966,True
4820,False
1704,True
144,True
1266,True
8235,False
7008,False
1566,False
8272,False
627,False
9196,False
4735,True
4264,False
3064,False
1693,False
7913,False
8474,False
404,False
9091,False
4984,False
1226,False
6257,False
4899,True
2659,True
2749,True
3991,True
2654,False
505,True
8934,False
8127,False
7028,False
7900,False
202,True
3959,False
8149,False
695,True
6802,False
8673,False
4367,True
6777,False
8487,False
3903,True
9173,False
1346,False
9988,False
1538,False
6822,False
8302,False
7597,False
6432,False
7296,False
455,True
960,True
244,True
6954,False
4649,False
4646,True
4441,True
5287,False
4052,True
3802,True
977,True
5317,False
2321,False
7820,False
4775,True
5034,False
4477,False
5933,False
6914,False
4373,False
431,True
2604,True
5432,False
9843,False
8992,False
1836,False
9887,False
7611,False
9734,True
7823,False
4965,True
3070,False
5528,False
8457,True
1376,False
9263,False
432,False
5885,False
5864,False
7059,False
3088,False
8777,False
1372,False
8097,False
1815,False
2819,True
8268,False
2358,False
2836,False
8943,False
1308,False
9002,False
4039,False
3021,False
1889,True
535,False
5949,False
6926,False
2409,True
3708,False
2692,False
1471,False
3044,False
9879,False
9630,False
3194,True
3093,False
9820,False
7543,False
3247,False
1588,False
3606,False
2559,False
3917,False
2983,True
6552,False
3043,True
3698,False
8888,False
8788,False
9284,False
9084,False
3568,False
1619,True
8137,False
1060,False
4230,True
8718,False
2060,True
713,True
6499,False
7211,False
132,True
4240,True
1289,False
57,False
4830,False
6969,False
8556,False
456,True
6264,False
1563,False
7633,False
5202,False
2390,False
1447,True
5462,False
6849,False
6119,False
7511,False
7395,False
4922,True
9480,False
4821,True
1764,False
7378,False
2374,True
8524,True
1252,False
6781,False
8748,False
1121,False
297,False
6456,False
929,False
3180,True
37,False
983,True
2753,False
1698,False
3513,False
504,True
9898,False
2405,True
7012,False
6183,False
773,False
9775,False
8884,False
6567,True
8691,False
1952,False
2205,False
2072,True
8502,False
8352,False
2023,False
1675,True
6648,False
8863,False
1527,False
9247,True
6764,False
389,True
2095,True
7976,False
1493,False
2726,True
2128,False
2354,False
4209,True
2283,False
5604,False
1524,True
8613,False
292,False
2486,True
2643,True
5998,True
6108,False
4159,True
8118,False
7665,False
2919,False
1670,False
6659,True
3529,False
8128,False
7569,False
7283,False
1720,False
2266,False
2824,True
9805,False
201,True
5790,False
87,True
3676,False
5447,False
3228,True
393,True
6686,False
9431,False
1090,False
4757,True
308,False
6697,True
7232,False
2089,False
7676,False
4184,False
7213,False
7405,False
6832,False
6992,False
729,True
5689,False
8061,False
4713,False
9804,False
5102,True
6928,False
9831,False
3359,False
5075,False
8015,True
8104,False
7781,False
7632,False
6716,False
9737,False
1642,False
8603,False
8829,False
8670,False
7783,False
4861,False
8555,False
3774,True
5074,False
5301,False
8167,False
7271,False
9421,False
9199,False
3463,True
881,True
8544,False
1542,False
7774,False
9403,False
6667,False
4739,False
9223,False
2135,True
5912,True
9788,False
1459,False
8363,False
7044,False
9444,True
5020,False
1321,True
8037,False
2190,True
2462,False
7517,True
8280,False
1865,False
4578,False
8478,False
6672,False
3018,False
9314,False
7542,False
4370,True
6521,False
2678,False
6793,False
791,False
6051,False
9232,False
2696,True
4549,True
8509,False
9587,False
2316,True
8885,False
6575,True
2651,True
6290,False
1714,True
7223,False
1351,False
5394,False
6938,False
4175,False
5100,True
4887,True
6999,False
8053,False
6625,False
794,True
8250,False
2834,True
5908,False
6008,False
5816,True
7627,False
7759,False
1661,True
4290,False
1462,False
313,False
6330,False
1169,True
3163,False
6035,False
3039,True
7929,False
8172,False
7264,False
2989,True
5093,False
8963,False
6644,False
97,True
7908,False
2693,False
314,False
1166,True
9168,False
9388,False
9206,False
8543,False
7181,False
9255,False
7338,False
4424,False
6988,False
3235,True
6666,False
5664,False
7367,False
2336,True
7308,False
7307,False
6405,False
514,True
7466,False
5605,False
2779,False
7484,False
5054,False
8310,False
473,False
8637,False
6099,False
7465,False
2453,False
2056,False
4165,True
5429,False
8699,False
6650,False
1331,True
4062,False
8688,False
3122,True
5697,False
9901,True
298,False
2585,False
4709,False
8994,False
9969,False
286,True
9839,False
931,False
6315,False
1594,True
3182,True
5225,False
8564,False
5854,False
4162,False
1555,True
1706,False
8056,False
1673,True
5408,False
5976,False
8048,False
7134,False
2168,False
7509,False
2208,True
5385,False
4158,False
1674,False
3790,True
2655,True
5227,False
411,True
4975,False
30,False
3333,False
2206,False
2229,False
2793,False
6044,False
1548,True
5434,False
173,True
2223,False
1303,False
7347,False
4064,True
1846,False
6888,False
8861,False
2186,False
47,True
3268,False
9847,False
9810,False
9154,False
2196,False
450,False
3354,False
6261,False
4680,True
4016,False
3179,True
7937,False
7098,False
188,False
1641,False
3943,True
752,False
9662,False
2236,True
8499,False
4510,False
728,False
3784,True
31,False
3326,True
234,False
6207,False
5022,False
5029,False
3690,False
9120,False
6128,False
3508,True
90,True
584,False
3666,False
4093,True
3869,True
6559,True
2389,True
92,False
1855,False
7984,False
4120,False
7245,False
1544,True
3610,True
1301,False
9075,False
6014,True
3015,True
76,True
4964,True
2900,False
3660,False
5507,False
6327,False
3458,False
3859,False
9248,False
5344,False
1040,True
1455,True
7875,False
2487,True
458,False
7838,False
4172,False
889,True
8606,False
6061,True
8843,False
7778,False
2147,False
8793,False
699,True
8975,False
8434,False
394,True
233,False
6458,False
9535,False
289,False
4271,True
7972,False
9868,False
6868,False
3954,True
8578,False
2070,True
2614,True
2368,False
1869,False
9481,False
8171,False
230,True
5965,False
2627,True
9572,False
1957,True
9900,False
4840,False
5166,False
3741,True
2763,True
6596,False
8064,True
2230,True
6687,False
3330,False
6208,False
107,True
1216,False
967,True
5850,False
1490,True
7817,False
1510,False
8719,False
5467,False
4729,True
9095,False
7292,False
6319,False
5156,False
8382,False
2535,True
6886,False
5536,False
5909,False
3973,True
9116,False
9094,False
2357,False
5382,False
3486,True
4186,False
2773,False
1373,False
8640,False
6120,False
8538,False
524,True
4722,False
8939,False
8990,False
6871,False
6418,False
2380,False
4513,False
9202,False
5833,False
3118,True
9573,False
1489,False
8002,False
1461,False
1330,True
704,False
2612,False
1011,False
5684,False
3032,True
6371,False
8753,True
8654,True
6780,False
8535,False
5210,False
7065,False
5772,False
1257,False
2146,True
4843,True
7680,True
8116,False
1050,False
9582,False
9136,False
4879,False
568,True
5106,False
5356,False
7190,False
6475,False
8989,False
5660,False
3897,False
6478,False
3489,False
6358,False
445,True
6005,False
6580,False
5967,False
6543,False
2330,False
4557,True
7094,False
1817,False
8618,False
8506,False
9275,False
7739,False
7986,False
7011,False
1613,True
4872,False
9118,False
3082,True
7843,False
5231,False
4678,True
2313,True
4587,False
876,True
8095,False
1647,False
4210,True
9790,False
2171,False
7888,False
4737,False
1403,False
4748,False
3170,True
167,True
4497,True
694,False
7491,False
1850,True
9867,False
4168,True
6950,False
4088,False
4659,False
1883,False
2376,False
5838,False
4471,False
9574,False
3930,False
74,True
8125,False
7734,False
8981,False
533,False
9013,True
9848,False
3765,False
4700,True
3072,False
2509,False
1847,True
1165,True
203,False
4995,True
8031,False
935,False
3417,True
8856,False
3758,True
1390,False
9920,False
9718,False
507,False
3258,False
6212,False
204,False
9520,False
9405,False
634,True
733,False
919,True
6876,False
2325,False
4502,True
6570,False
4468,False
4261,True
191,True
4531,False
63,False
7437,False
9123,False
5559,False
1080,True
675,True
1849,False
6240,False
7495,False
5325,False
3988,True
6662,False
9364,False
9512,False
2828,True
8436,False
9056,False
3086,True
7058,False
4309,False
4099,True
9670,False
645,True
7642,False
5415,False
517,False
5870,False
448,True
4086,True
6572,False
5901,False
732,True
8731,False
9818,False
5450,False
3724,True
968,False
1360,True
5886,False
4897,False
2220,False
6075,False
7872,False
4199,False
3622,True
7320,False
6253,False
1712,True
9130,False
3375,False
8589,False
9502,True
3041,True
6102,False
7724,False
7583,False
4305,True
4564,False
4272,False
1070,False
8110,False
4548,True
1048,False
6535,True
9624,False
5596,True
8329,False
9330,True
3065,False
4633,True
460,True
3146,True
5626,False
909,True
8537,False
6674,False
5671,False
847,True
1065,True
5613,False
1899,False
34,True
9170,False
4384,True
3799,False
5955,False
6335,False
9331,False
7325,False
7364,False
7914,False
7116,False
9517,False
4836,True
441,False
8205,False
544,True
8706,False
3316,True
429,False
2016,True
6000,False
2732,False
5665,False
25,True
9782,False
1286,True
3331,False
933,False
4866,False
1233,False
5015,False
7387,False
171,True
934,True
8220,False
1379,False
5405,False
1868,True
2738,True
531,False
6884,False
6160,False
6186,False
4056,False
2568,True
8462,False
1570,False
1960,False
8671,False
7530,False
2920,False
5383,False
4870,True
6142,True
9877,False
1650,True
5724,False
1416,True
9812,False
1370,False
2731,False
9875,False
4082,True
6231,False
9446,False
7418,False
9272,False
3446,False
7640,False
7960,True
5851,False
7979,False
8902,False
486,True
9979,True
8862,False
7138,False
5390,False
3092,False
8848,False
9823,False
9542,False
4601,True
2051,False
3178,False
4846,False
5365,False
691,False
6224,True
9713,False
8231,False
5129,False
6715,False
7919,False
9546,False
3845,True
9252,False
6202,False
4036,False
4133,False
7603,False
6901,False
215,False
8261,False
2338,False
5990,False
6925,False
1745,False
2350,False
9613,False
5517,False
6707,False
3425,True
5899,False
4554,False
4364,True
3007,False
1407,True
8155,False
3861,True
3876,False
7,True
4658,True
625,True
826,True
9638,True
2045,False
6564,False
5880,False
7678,False
6883,False
8695,False
6383,False
979,True
9361,False
1738,True
443,True
5763,False
1404,False
8959,False
3230,False
5364,False
3679,True
7470,False
5820,False
5139,False
5961,True
9910,False
6237,False
9162,False
6401,False
5741,False
9153,False
1623,False
678,False
2141,True
71,True
1182,False
9003,False
8238,False
8612,False
2887,False
7952,False
3443,False
5715,False
2364,True
3113,False
6332,False
174,False
3608,False
5731,False
2363,True
1119,False
4312,False
6487,False
8196,False
4110,False
8958,True
3518,True
4072,False
6427,False
9982,False
7706,False
9198,False
9290,False
498,False
5193,False
1683,True
8060,False
5001,False
3895,False
5469,False
2261,True
549,True
7920,False
5135,False
3636,True
3628,False
3870,True
6050,False
9203,False
9570,False
8460,False
8151,False
4516,False
2351,True
5897,False
5358,False
1934,True
8216,False
4878,False
9129,False
8798,False
3707,True
1031,False
5249,False
981,True
9028,False
3472,False
7650,False
402,False
8780,False
1910,True
521,True
7577,False
7824,False
1887,False
338,False
3664,False
1147,True
9060,False
6891,False
5628,False
829,True
2924,False
2408,False
2222,False
6275,False
323,False
5589,False
4066,True
9135,False
82,False
1054,False
9241,False
7353,False
4912,True
9578,False
1295,False
7684,False
4022,False
9215,False
7925,False
558,True
7017,False
7629,False
6656,False
9440,True
9098,False
9219,False
3329,False
3942,True
7062,False
7747,False
6425,False
8760,True
5575,False
9668,False
1649,True
1495,False
6578,False
4131,False
225,False
4611,True
7905,False
7432,False
9396,False
8303,False
5905,False
6351,False
8986,False
8930,False
7610,False
3183,False
7750,False
5086,False
528,False
470,True
145,True
1332,True
7938,False
9721,False
6632,False
5556,False
9690,False
9322,False
3495,False
5131,False
7173,False
4630,False
4570,True
6468,False
8504,False
5782,False
3534,False
6866,False
7299,False
9615,True
1139,True
2737,False
8758,False
9909,False
2878,False
7983,False
5140,False
5953,False
3594,False
9346,False
9865,True
1587,True
2785,True
7801,False
7335,True
3864,False
4254,False
7802,False
162,False
8000,False
8147,False
9452,False
5122,False
3249,True
1229,True
8283,False
9705,False
8314,False
1074,True
7997,False
5441,False
7060,False
4194,True
1571,False
7649,False
5609,False
5056,False
3828,False
9280,False
273,False
1599,False
736,True
1891,True
6018,False
1843,False
9466,False
7002,False
4487,True
1648,False
6530,False
9432,False
4896,False
1951,True
8791,False
4143,False
1840,False
6461,False
9473,False
288,True
3263,True
9635,True
7582,False
9063,False
5685,False
1936,True
2225,True
181,True
4769,False
8728,False
4626,True
5501,False
3831,True
9986,False
1467,True
1791,True
6858,False
6576,False
1111,True
2932,False
4392,False
1749,True
157,False
2144,True
828,False
5876,False
7379,False
2029,True
4724,True
1128,False
6541,False
4047,True
3681,True
1402,True
3812,False
1851,False
761,False
7599,False
7968,False
5269,False
3165,True
9107,False
3246,False
8697,False
885,False
8908,False
4660,False
3159,False
7253,False
4452,False
4599,False
9468,False
6267,False
7382,False
4882,False
7069,False
4356,False
3167,False
301,False
1365,True
6139,False
6819,False
4053,True
452,False
9944,False
5602,False
3336,False
2370,True
4400,False
9000,False
7341,False
754,True
4536,False
4527,False
3806,False
1512,False
9545,False
9754,False
1699,False
3546,False
4798,False
6239,False
2511,True
4361,True
2830,True
9212,False
3164,True
6811,False
2449,False
251,False
7992,False
3924,True
8818,True
4448,True
4188,True
5633,False
4569,True
6243,False
7756,False
8114,False
9150,False
2663,True
6415,False
3494,False
5162,False
4567,True
2217,False
6949,False
5245,False
4205,True
7718,False
6410,False
7439,False
7436,False
5828,False
5163,False
2940,False
7168,False
9640,False
8396,False
7461,False
541,False
6678,False
1412,True
9370,False
2970,False
9474,False
4118,True
2990,False
9983,False
3382,False
1509,False
6357,True
5981,False
3191,True
3965,False
9288,False
8851,False
1615,False
9984,False
4244,True
3450,True
7868,True
7188,False
6920,False
2769,False
2868,False
246,False
5155,False
3693,True
1288,False
9076,False
1026,True
6829,False
8004,False
5514,False
3280,False
4273,True
2784,False
6397,False
7410,False
4024,False
5543,False
916,False
9921,False
4609,True
3586,True
9464,False
1958,True
8400,False
7091,False
9081,False
1374,False
9702,False
96,False
5457,False
2020,False
5377,False
867,True
2959,True
9832,False
2876,True
5205,False
667,False
8929,True
8324,False
6705,False
2279,False
6919,False
6913,False
2842,False
9061,False
4246,True
3051,False
6422,False
5120,False
8661,False
6803,False
7590,False
4530,False
8784,False
7499,False
7005,False
9822,False
7508,False
5619,False
7435,False
8401,False
3239,True
1767,False
2960,False
3522,False
768,False
3868,False
2552,True
5137,False
5858,False
9500,False
800,True
4955,True
7111,False
7473,False
4721,False
85,False
6067,False
2078,False
3264,True
7849,False
1813,False
3752,False
4212,True
6195,False
3319,False
1691,False
7013,False
854,False
3325,False
2315,False
8050,False
5018,False
2286,True
7000,False
980,False
44,True
435,True
2916,False
745,True
7701,False
9389,False
778,False
7263,False
8681,False
6443,False
859,False
9925,False
6860,False
8705,False
6055,False
3553,False
4498,True
7562,True
8018,False
4115,False
1875,False
6747,False
4647,False
2388,False
6830,False
207,False
5370,False
7794,False
9426,False
8602,False
6967,False
326,True
2817,False
9562,False
617,True
6951,False
9337,False
8834,False
1525,False
3934,True
5407,False
2978,False
1632,True
8754,False
6045,False
345,True
9171,False
1415,False
9826,False
4455,False
9489,False
9838,False
5995,False
7694,False
1256,True
661,False
8443,False
8295,False
3275,True
2764,True
3687,False
1095,False
1284,False
6097,False
7554,False
9548,False
2437,True
4901,True
9079,False
9794,False
4674,True
7057,False
9866,False
6710,False
4903,False
2033,False
4308,True
2046,True
1413,False
1638,False
4013,True
3566,False
5458,False
6786,False
4354,True
851,True
5232,False
9368,False
1520,True
7132,False
6864,False
3550,False
9029,False
3229,False
3898,False
1385,True
4434,True
7327,False
4823,False
1428,False
1986,False
7018,False
7166,False
7546,False
8692,False
719,False
8733,False
8727,False
7332,False
635,True
7617,False
2593,False
3112,False
2176,False
6304,False
1093,False
3101,True
8585,False
629,False
5107,False
1755,False
942,True
6857,False
3759,False
342,False
1155,False
2795,True
8684,False
5581,False
886,False
9080,False
2239,False
5924,False
9767,False
397,False
2352,True
5395,False
5947,False
1762,True
4335,False
3718,False
2526,True
4081,False
3886,True
7281,False
3923,True
1634,False
9224,False
932,True
1786,True
9316,False
3062,True
961,False
8263,False
8338,False
9743,False
7007,False
9399,False
9072,False
914,True
7844,False
5777,False
1157,False
3158,True
1242,False
5883,False
1224,False
1426,True
3373,True
9309,False
8562,False
7420,False
7434,False
461,False
928,True
2838,False
6582,False
8879,False
7606,False
4666,True
9436,False
8909,False
6762,False
9462,False
258,False
2263,False
9132,False
8262,False
4811,True
896,False
5463,False
3383,True
7306,False
910,False
8686,False
4040,False
3343,True
2714,False
2326,True
4733,True
8092,False
5272,False
3291,False
346,False
638,True
8326,True
2743,False
1526,False
1725,False
5401,False
2831,False
8223,False
4250,True
6177,False
1963,False
1504,False
7877,False
3719,False
8184,False
5911,False
7112,False
1531,True
9487,False
9020,False
2510,False
5046,False
5519,False
2702,True
1304,False
7047,False
2917,False
6788,False
5067,False
318,True
9752,False
640,True
3727,False
874,True
4556,False
5568,False
9050,False
5837,True
994,True
3226,True
5647,False
1397,False
718,True
9594,False
5033,False
748,True
6141,False
5293,False
6504,False
9759,False
4900,True
9664,False
75,True
7006,False
3563,False
5112,False
5090,False
9134,False
8081,False
6869,False
7355,False
3205,False
1507,False
1176,False
8598,False
309,False
2485,False
2905,False
1422,False
9978,False
237,True
564,False
894,False
6273,False
8211,False
1333,True
280,True
5592,False
6242,False
2725,True
9430,False
2835,False
9621,True
7301,False
843,True
3116,False
6431,False
9872,False
5677,False
4032,False
6953,False
9192,False
4550,False
1812,False
8796,False
3217,True
5017,False
2708,True
6903,False
6317,False
9103,False
8269,False
4636,True
7153,False
8630,False
6513,False
6073,True
3565,False
2862,False
8380,False
3286,True
5104,False
4785,False
8091,False
9418,False
3875,True
7777,False
6652,False
3609,False
7488,False
6494,False
7009,False
3439,False
6356,False
8850,False
4301,False
1094,True
1622,False
2811,False
9660,False
9564,False
4595,False
9159,False
5747,True
9586,False
2154,True
9891,False
3670,False
6523,False
6676,False
5796,False
7785,False
2182,False
3658,True
7880,False
2894,False
1036,False
2661,False
9646,False
4432,False
8837,False
2505,False
5256,False
272,True
9328,False
5223,False
130,True
5839,False
1195,True
9166,False
8632,False
9036,False
2982,True
3949,False
4454,True
9593,False
8335,False
4190,True
4233,True
3902,False
4999,False
5326,False
777,True
3581,True
8440,False
3424,False
2237,False
9324,False
5019,False
2106,True
105,True
1006,True
2433,True
7462,False
4238,False
8724,False
2100,False
9571,False
2000,True
1772,True
5667,False
5502,False
315,False
2334,False
1724,False
3206,False
3551,True
1562,True
1388,True
3149,False
9413,False
7945,True
8225,False
4610,True
639,True
1633,True
5547,False
688,False
647,True
4656,True
3979,False
6720,False
2402,False
6839,False
5650,False
4818,False
6339,False
4229,True
3220,True
7744,False
1715,False
4528,False
2728,True
8273,False
4450,False
9648,False
6210,False
449,False
857,False
4488,True
9371,False
7121,False
40,False
5861,True
1062,True
5113,False
903,False
4702,True
7563,False
5903,False
4744,False
8881,False
9729,True
9358,False
7199,False
175,True
5319,False
6151,False
7426,False
2733,False
5888,False
5248,False
9201,False
5421,False
1318,False
5712,False
1348,False
1583,True
1061,True
7792,False
2019,False
7120,False
5783,False
7096,False
7922,False
2603,False
5792,False
3904,True
2482,False
6657,False
4177,True
1729,True
1927,False
8055,False
7194,False
7049,False
2884,False
1826,True
6797,False
4809,False
8956,True
940,True
7424,False
4773,True
1696,True
8479,False
7675,False
1184,True
1620,True
8941,False
7963,False
8058,False
4524,False
849,False
4910,True
5785,False
7212,False
8108,False
1616,False
2013,False
4563,True
1246,False
8511,False
7822,False
4114,True
2759,False
4615,True
4952,False
4933,False
370,False
5570,False
3887,False
727,False
7840,False
9193,False
5879,False
8600,False
8792,False
164,True
9533,False
2268,True
8732,False
8358,False
2801,True
1124,True
1394,False
1369,False
3775,True
5360,False
2906,False
8652,False
2365,True
5216,False
8109,False
4087,True
6533,False
275,False
5143,False
7799,False
8189,False
8176,False
2972,False
9735,False
3479,False
4671,False
7529,True
8233,False
6557,False
5294,False
7093,False
4257,True
5849,True
8034,False
8707,False
3877,False
4894,False
7670,False
999,True
3147,False
2542,False
1035,False
7016,False
425,True
3597,False
8017,False
5890,False
7926,False
759,False
6361,False
7363,False
7587,False
9362,False
1579,True
7851,False
5455,False
3028,False
5583,False
2909,False
4529,True
2815,False
664,True
3407,False
4574,True
1694,False
154,False
938,False
2933,True
7502,False
1125,False
3588,False
8680,False
1076,False
7604,False
9014,False
7458,False
5191,False
8323,False
7022,False
155,False
3662,False
562,True
4589,False
696,True
3485,False
1643,True
3367,False
8166,False
672,False
624,True
1530,False
7497,False
9145,False
7609,False
725,True
8704,False
731,True
4511,False
8228,False
7260,False
9320,False
4629,False
4495,False
8584,False
6453,False
7598,False
1807,True
6963,False
8797,False
9971,False
9659,False
3174,False
4294,True
4540,False
1196,False
1049,False
5952,False
2574,False
1320,False
5580,False
8083,False
1287,True
1328,False
8696,False
5608,True
6274,False
7107,False
2961,False
2440,False
9953,False
2690,True
6615,False
4525,False
9113,False
962,False
4579,False
4438,True
5349,False
6042,False
2240,False
7519,False
5036,False
6184,False
8918,False
2421,True
2133,False
6421,False
2359,False
9869,False
6001,False
341,False
737,True
8541,False
8402,False
8985,False
1765,True
137,False
4526,True
7411,False
2192,True
8028,False
385,False
2806,False
9686,False
6976,False
5666,False
7342,False
100,True
3734,False
4867,False
680,False
7791,False
8761,False
2061,False
9457,False
4360,True
211,False
259,True
904,False
3967,True
9989,False
21,False
7725,False
7170,False
9939,True
3283,False
8430,False
6463,False
9398,False
7316,False
8703,False
6956,False
4568,False
7692,True
5745,False
6454,False
7423,False
8224,False
5039,False
1551,False
5784,False
9179,False
992,True
3604,False
7251,False
9128,False
6134,False
8309,False
818,False
4914,True
5836,False
6126,False
9902,False
7337,False
3888,True
9254,False
9942,False
9312,False
5328,False
8823,True
3361,False
4376,True
1144,True
4625,False
2955,False
1681,True
3921,False
6137,False
4377,True
3323,True
9122,False
9353,False
2760,True
9262,False
5374,False
5471,False
1281,True
5765,True
6872,True
1921,True
9981,False
3755,False
2802,False
6140,False
1211,True
9538,False
9529,False
7636,False
5259,False
949,False
7683,False
2094,False
2952,False
4027,False
9883,False
1750,True
2852,True
4696,True
6387,False
6203,False
4303,True
4743,False
5549,False
5516,False
2024,False
3937,True
2827,True
8084,False
8726,False
7380,False
6023,False
8995,False
1034,True
2684,False
5233,False
6033,False
6510,False
2207,False
115,False
1663,False
2810,True
6189,False
4148,False
7358,False
6599,False
492,False
2454,True
4410,False
8633,False
5198,False
5798,False
9937,False
3539,False
2514,True
121,True
5460,False
4778,False
8164,False
5674,False
4480,False
2251,False
5520,True
4703,True
1200,False
6308,False
1831,True
3694,True
2546,False
5153,False
1672,True
3300,True
1219,True
1091,True
8264,False
8366,False
5896,False
8059,False
2467,False
8300,False
5523,False
7878,False
2469,True
2925,True
276,False
262,False
9605,False
8498,True
9850,True
9816,False
3849,True
5922,False
9845,False
5309,False
5224,False
796,True
4279,False
6583,False
2284,False
4399,False
1057,False
1436,False
6450,False
5672,False
6740,False
9467,False
9486,False
4010,True
4930,True
4623,True
9277,False
1149,True
3076,False
9249,True
377,True
3292,True
3117,True
1955,False
2034,True
6036,False
6863,False
4841,True
6553,False
4815,False
4565,True
9447,False
8178,False
7430,False
4171,False
1450,False
5996,False
2629,True
7113,False
2226,True
1971,True
279,True
2848,False
3413,True
6994,False
2750,True
4123,True
8933,False
8416,False
7833,False
7175,False
3789,True
7442,False
9973,False
1798,False
5946,False
7185,False
5624,False
6433,False
4596,False
9445,False
5898,True
8195,False
7767,False
6768,False
8871,False
561,True
4387,True
8192,False
3881,False
2183,True
4863,False
799,False
4431,False
7740,False
4937,False
5521,False
1045,True
4576,True
3580,False
5151,False
7272,False
2632,True
509,False
5546,False
5190,False
2343,True
9040,False
803,False
118,True
6983,False
7489,False
2191,False
1688,True
3017,False
2419,False
2202,True
2735,True
7348,False
7764,False
269,True
6159,False
6725,False
7001,False
1483,False
1604,True
1433,True
7444,True
4787,True
1734,True
4790,False
9390,False
4404,True
4634,True
6039,False
5423,False
5957,False
1522,True
3378,False
9157,False
5642,False
9424,False
8860,False
2945,True
2224,True
2075,False
6246,False
8512,False
4215,True
13,False
9799,False
6661,False
5871,False
6941,False
9793,False
5470,False
3958,False
2508,False
4545,False
4004,False
8267,False
5189,False
4936,False
6214,False
2788,False
703,True
2512,True
5380,False
5815,False
3131,False
8740,False
1574,False
3743,False
6628,False
2362,False
2031,False
1792,True
2556,False
4411,False
3440,True
3457,False
9561,True
5072,False
592,True
2203,True
8304,False
343,True
6939,True
4420,False
6669,False
589,False
3974,False
1664,False
7154,False
7934,False
7698,False
9016,False
2712,True
8244,False
3040,True
4755,True
6377,False
2194,True
5676,False
5052,False
3530,False
3639,False
1041,True
7989,False
5399,False
9732,False
8012,False
1004,True
7131,False
747,False
884,False
2084,True
1874,True
6654,False
7873,False
5246,False
6163,False
2312,True
9959,False
944,True
5006,False
8591,False
433,True
1742,True
2395,True
8490,False
1972,True
4005,True
5906,False
1148,True
5994,False
8763,False
8620,False
865,True
9089,False
7720,False
7309,False
7535,False
9097,False
4997,False
5098,False
6677,False
4553,True
8855,False
7070,False
4827,True
3285,True
6855,False
4054,True
1575,False
8298,False
4180,True
5327,False
134,False
6245,False
7036,False
5316,False
4397,False
4638,False
4690,False
6430,False
6417,False
7137,False
420,False
1009,False
7398,False
7679,False
1142,False
4740,True
3277,False
2059,True
2991,False
6455,False
7268,False
2840,True
9163,False
4482,False
198,False
4340,False
1966,True
3846,False
3487,False
3844,True
2601,False
9599,False
4196,False
7871,False
7745,False
8021,False
5586,False
6336,False
4237,True
8131,False
8569,False
7864,False
1719,False
6466,True
3379,True
850,True
53,True
5648,False
619,False
1894,False
8746,False
1933,False
3483,False
6396,False
1660,False
8722,False
6709,True
9731,False
2375,False
4981,False
5830,False
7288,False
2937,False
5003,False
2157,True
110,False
7818,False
9842,False
6164,False
7899,False
9719,False
6936,False
2766,True
3874,False
483,False
3432,False
6630,False
9350,False
532,True
9023,True
9161,False
2346,False
3297,True
6071,False
4268,True
8417,False
5243,False
4763,True
9597,False
2903,True
142,False
5698,False
7790,False
1396,True
9344,True
1126,False
5623,False
8953,False
998,False
3119,True
8096,False
3397,True
2591,False
3997,False
4325,True
7975,False
4839,True
8615,False
1366,True
1871,False
3860,False
7690,False
248,False
2282,False
6068,False
7625,False
8826,False
1222,True
182,False
7421,False
6804,False
5529,False
3177,False
7416,False
1170,False
228,True
2672,False
2907,False
5055,False
3855,True
6670,False
4585,False
9583,False
905,True
4094,False
8319,False
5274,False
8232,False
1839,False
2461,False
2273,True
621,True
2249,False
724,True
8614,False
6682,False
5079,False
6314,False
7207,False
2252,True
9017,False
7836,False
2014,True
8507,False
7618,False
2149,True
3143,True
4799,False
4908,True
6266,False
717,True
1585,True
7787,False
3306,True
4291,True
8339,False
1823,False
3077,True
861,False
8922,False
1110,False
369,True
9237,True
9824,False
1285,True
2073,False
6516,False
6329,False
197,False
875,True
22,False
2481,False
5956,False
8597,False
4789,False
7977,False
912,False
5381,False
8219,False
5303,False
4604,False
6765,False
6531,True
6386,False
2430,True
7014,False
6303,False
628,False
9656,False
4213,False
5438,False
1201,False
6500,False
3661,True
5288,False
7891,False
2322,True
330,True
6895,False
9566,False
2549,False
9716,False
6501,False
3777,False
8391,False
1982,False
1692,True
970,False
1537,False
3613,True
6362,False
1995,False
9266,False
6471,False
6291,False
5279,False
3890,False
3783,True
7494,False
4988,True
4853,True
3091,False
3762,True
60,False
459,False
7453,False
6979,False
2653,False
9634,False
183,True
1801,True
83,False
5064,False
303,True
2448,False
6905,False
4234,True
1872,True
8455,False
7129,False
3732,False
1970,False
8047,False
2162,True
8619,False
9105,False
7558,False
4398,True
3274,True
1047,True
4742,False
2662,False
9846,False
7189,False
6473,False
1112,True
1859,False
3312,True
2450,False
4055,True
6057,False
3853,True
5569,False
9589,False
5424,False
3684,False
9584,False
7448,False
2302,True
3715,False
8672,False
2829,True
5159,False
5813,False
2211,False
7141,False
4239,False
6889,False
9373,False
8351,False
7869,False
9753,False
391,True
3665,False
7216,False
3892,True
2038,False
7241,False
1480,True
3575,False
5068,False
3791,False
7079,False
739,True
3046,True
6053,False
5008,False
1516,True
2134,True
4465,False
3052,False
8983,False
2513,True
7758,False
2636,True
5275,False
1,True
4365,True
2886,False
327,True
4781,True
7127,False
6618,False
2170,True
3137,False
9625,False
9792,False
5111,False
2800,True
8353,False
9093,False
3847,False
6966,False
1479,True
8332,False
3056,True
9975,False
5203,False
9191,False
7072,False
4706,False
1656,True
7197,False
4612,False
8075,False
9455,False
4409,True
9143,False
8736,False
1134,True
6896,False
3384,True
5617,False
4282,False
4683,False
270,False
158,True
4686,False
689,True
8365,False
6851,False
4413,False
7728,False
6375,False
2934,False
5375,False
7814,False
150,True
5503,False
7136,False
8897,False
5966,False
3222,True
365,False
6989,False
7267,False
6388,False
8461,False
596,True
7623,False
1271,False
6368,False
6265,False
2746,False
1565,False
4534,False
6806,False
7279,False
398,True
1975,False
8170,False
4518,True
6116,False
8616,False
6066,False
653,True
9379,False
4718,True
6321,False
7312,False
895,False
8532,False
2939,False
7658,False
6259,False
5391,False
3338,False
8297,False
2722,False
4684,True
6031,False
1913,False
4805,True
9809,False
9488,False
4181,False
7407,False
1996,True
5164,False
6112,False
8122,False
1560,False
8089,False
9585,False
5540,False
7266,False
8873,False
6174,False
3307,True
1341,True
3464,False
3362,False
5125,False
3360,False
845,False
3430,False
4616,True
9260,False
720,False
1098,True
6719,False
5097,False
2580,True
9292,False
1825,True
5085,False
3187,False
8378,False
2943,False
4632,True
1861,False
5304,False
3819,False
4248,True
5214,False
6946,False
4642,True
1234,False
8183,False
1239,False
3885,True
3265,True
4942,False
3754,False
4845,False
2525,False
7029,False
2309,False
5041,False
7248,False
1123,True
9990,False
5576,False
9332,False
3390,False
5742,False
943,True
79,False
2455,False
1799,True
6635,False
2533,False
6350,False
9860,False
5412,False
434,True
1785,True
371,False
6297,False
1391,True
8664,False
8254,False
9382,False
5165,False
9967,False
6685,False
1409,False
1777,False
5340,False
2204,True
4730,False
4472,True
8341,False
8253,False
4711,True
6236,False
4386,False
213,False
3103,True
2846,False
3972,False
3169,True
3061,False
7936,False
6238,False
186,False
1652,True
4869,False
2671,True
3060,True
2494,True
7645,False
4433,False
2553,True
9077,False
2893,False
2050,True
1002,False
8003,False
4459,False
6124,False
3824,False
872,True
6649,False
2122,False
1690,True
9815,False
701,False
5196,False
2441,True
8159,False
8435,False
2356,False
8124,False
3299,False
5221,False
9279,False
7397,False
7156,False
5040,False
1593,False
6930,False
1503,False
749,False
143,False
5639,False
8206,False
3635,False
4359,True
1425,True
679,False
8120,False
4232,False
513,True
7196,False
9854,False
1051,False
1249,False
2761,False
5919,False
9242,False
9022,False
9334,False
9695,False
2040,False
6272,False
757,True
8072,False
665,False
7565,False
3415,True
8245,False
5808,False
3428,True
2871,False
6123,False
8980,False
6769,True
5406,False
2873,False
1945,False
8961,False
7553,False
1451,False
7302,False
6234,False
1787,False
1866,False
8117,False
6712,False
2820,True
1188,False
340,True
8988,False
2091,False
2258,False
1156,False
1895,True
4959,False
8071,True
8395,False
8067,False
5636,False
7549,False
6091,True
353,True
7660,False
2092,True
6821,False
1723,True
8803,False
41,False
5145,False
6440,False
8252,False
3401,False
9327,False
618,False
7570,False
8105,False
1203,False
4350,True
5779,True
8420,False
1659,False
1572,False
7182,False
560,True
8375,False
2233,False
8337,False
5418,False
3656,False
798,True
4562,True
7102,False
855,True
1305,False
7356,False
1717,True
1488,True
2967,False
2429,True
3731,False
8190,False
6617,False
5236,False
7550,False
8360,False
869,False
9620,False
8977,False
6835,False
9051,False
2584,True
9187,False
4146,True
9530,False
9131,False
4746,False
3490,False
652,True
6470,False
4247,True
6684,False
5307,False
7964,False
408,False
9758,False
3301,False
1576,True
7291,False
2424,True
4621,False
2179,False
2748,False
1494,False
7106,False
2586,True
734,False
5971,False
9698,False
9626,False
4573,False
9733,False
1534,False
9158,False
4489,True
4953,False
7557,False
1104,False
208,True
863,True
4085,False
4006,False
6743,False
8052,False
9243,False
7928,False
1171,True
9491,True
7773,False
3236,True
3766,True
8970,False
2745,True
5427,False
7214,False
987,True
4852,True
3267,False
7247,False
1491,True
4766,True
6307,False
8428,False
5081,False
3223,True
3916,False
8590,False
1357,True
4363,True
8181,False
2579,False
3751,False
7834,False
4333,False
3816,True
1821,False
4155,True
8383,False
5522,False
5437,False
9083,False
5508,False
4946,True
3388,False
5977,False
5794,False
4003,False
2935,False
5345,False
1513,True
9428,False
7294,False
1244,True
3386,False
4715,False
7295,False
3238,False
7988,False
3013,True
3621,False
9454,False
453,False
4352,False
6759,False
8011,True
252,True
8424,False
588,True
1389,False
3713,True
3511,False
103,False
5872,False
2386,False
1001,True
2011,False
6393,False
5887,False
4139,False
6633,False
4929,False
7602,False
8751,True
6447,False
8188,False
1705,True
62,True
5049,False
9800,False
236,True
913,True
4379,False
4058,True
860,False
7218,False
3207,True
5500,False
9938,True
3152,False
3931,False
9427,False
1101,False
7459,False
1395,True
1890,True
6923,False
4166,True
8830,False
7622,False
8103,False
8708,False
8588,False
3561,True
2825,False
2101,True
5863,False
6972,False
8412,False
5290,False
5750,False
5315,False
7638,False
5699,False
7321,False
6514,False
1668,False
512,True
4864,False
1546,True
801,True
4391,True
6974,False
2971,True
8481,False
1096,False
6833,False
6333,False
5422,False
8605,False
8399,False
5254,False
608,True
3552,False
8162,False
4228,True
2255,True
7343,False
3484,False
8911,False
4224,True
4990,True
7729,False
6987,False
7256,False
9341,False
5443,False
2965,False
7970,False
9768,False
716,True
2882,False
3825,False
1078,False
5337,False
8737,False
1038,False
6962,False
1923,False
1545,True
4893,False
4041,False
5910,False
6911,False
6345,False
5831,False
6220,False
5147,False
7578,False
4100,False
1434,True
8743,False
4985,True
6063,False
4951,True
6416,False
1248,True
5286,False
212,False
9394,False
585,False
7727,False
7487,False
4514,True
2044,True
3447,False
4874,True
8573,False
4355,False
3569,False
7795,False
2727,False
1027,True
5477,False
4682,True
195,True
3009,False
9323,False
5950,False
3257,True
7732,False
9235,False
382,False
4917,True
2695,False
4792,True
2435,True
5021,False
5567,True
3977,True
8928,False
8869,False
7086,False
6637,False
1122,True
1115,False
7742,False
2415,False
9553,False
4057,False
2849,True
4297,False
2248,True
3830,False
8153,False
3567,False
1644,True
9138,False
8173,False
6025,True
9225,False
7224,False
7566,False
7171,False
9723,False
3337,False
7412,False
1515,True
9148,False
5240,False
9281,False
1175,False
8408,False
5719,False
4537,False
6477,False
138,True
1818,True
8802,False
6542,False
5028,False
7402,False
5713,False
6429,False
8789,False
4780,True
5071,False
7520,False
2218,False
3055,True
3141,True
805,False
1439,False
1014,True
3290,True
2600,False
2413,False
488,False
4693,False
5453,False
769,False
2926,True
6276,False
6251,False
8355,False
9890,False
3465,False
406,False
2923,False
1082,False
9881,False
5318,False
2826,False
6943,True
5814,False
8669,False
9018,False
2602,True
8529,False
5361,False
1612,True
4217,False
206,False
9343,False
6892,False
7119,False
9522,False
8390,True
9641,False
3748,False
7782,False
4281,False
9155,False
1230,False
552,True
4921,True
5183,True
349,True
8112,False
306,False
8548,False
3651,True
1607,False
4551,True
7830,False
257,False
4907,True
4149,False
5321,False
4457,False
2520,True
3975,True
5929,False
6823,False
4989,False
9365,True
2874,True
3133,True
8466,True
8643,False
5105,False
5403,False
3615,True
842,True
2177,False
5964,False
8636,False
3385,True
6899,False
8570,False
8904,False
12,False
9038,False
5925,False
3408,True
9709,False
3807,False
4507,False
7561,False
9806,False
1532,True
4736,True
1802,False
3778,False
9998,False
4113,False
9318,False
6566,True
5032,False
7370,False
8795,False
3126,True
4137,False
7276,False
307,False
5775,False
9694,False
3547,False
1254,False
3482,True
2093,False
3506,False
3652,False
4170,False
3411,False
205,True
9563,False
249,False
7981,False
8328,False
3448,False
9112,False
2803,True
6452,False
2699,False
3058,True
4716,True
9791,False
6512,False
6701,False
989,False
4875,False
7664,False
1322,False
4092,True
4767,True
4617,False
6957,False
2854,True
9178,False
8546,False
7359,False
2536,False
3956,False
2697,True
6815,False
4640,True
6379,False
8222,False
9611,False
8175,False
4204,False
6534,False
7743,False
6340,False
5743,False
9588,False
2904,False
9448,False
127,False
7898,False
2502,False
5257,True
4485,True
5818,False
523,False
4038,True
7705,False
3414,False
7042,True
6462,False
5485,False
2857,False
5538,False
2966,True
9861,False
4770,False
3598,True
3555,True
6490,False
5372,False
1735,False
5445,False
4504,False
8518,False
317,True
3657,False
6603,False
5228,False
956,False
8405,False
5736,False
1262,True
9181,False
3111,False
8508,False
6924,False
2951,True
3155,False
3237,False
5708,False
8384,False
9807,False
9817,False
1924,True
5376,False
8675,False
6675,False
467,True
8177,False
1814,False
3720,True
1044,True
6717,False
7951,False
8214,False
5158,False
1089,True
9221,False
8769,False
8179,False
4979,True
5219,False
2720,False
8489,False
9137,False
2027,True
7088,False
5707,True
1667,False
3099,False
6551,False
3102,False
9912,False
6278,False
1834,False
305,True
229,True
7333,False
8033,False
8648,False
3324,False
8905,False
7784,False
9049,True
3998,True
1920,True
1046,False
9012,False
2605,False
8492,False
6198,False
2097,True
9654,False
9523,False
9592,False
3376,False
9298,True
2259,True
3289,False
5962,False
7523,False
8042,False
4173,False
6411,False
4566,True
1711,False
9092,False
8046,False
4813,False
5843,False
9380,True
2816,True
9101,False
4934,True
5123,False
5211,False
8747,False
8827,False
7233,False
9728,False
9010,False
1299,False
8019,False
9425,False
4002,False
6028,False
8932,False
2679,True
4919,True
1022,False
5923,False
70,True
8639,False
5577,False
5011,False
1577,True
1701,True
9186,False
4500,True
1559,False
8762,False
8311,True
9315,False
5076,False
5348,False
36,True
8152,False
5,False
5215,False
8140,False
6104,False
5753,False
2036,True
5454,False
827,False
542,True
5058,False
5847,True
437,True
3573,False
2110,True
922,False
1591,False
480,False
1784,True
5518,True
7662,False
1168,True
4160,True
4073,True
5595,False
656,False
8694,False
6594,False
7149,False
5182,False
955,True
9673,False
4800,False
5284,False
9321,False
9976,False
9133,False
9240,False
7274,False
6812,False
4458,True
3213,False
2096,True
5718,False
1611,False
8979,False
5271,False
5829,False
4614,True
4463,True
1552,False
361,True
9236,False
4762,False
893,False
8915,False
294,True
3042,False
8592,False
4837,True
4544,False
5026,False
7651,False
7339,False
7061,False
583,False
6800,True
6136,False
8752,False
3793,False
4121,True
2915,True
7652,False
8628,False
4033,False
5727,False
3054,False
3994,False
766,True
356,True
7516,True
3617,False
7490,False
3989,False
9876,False
316,True
3909,False
7512,False
8347,False
7941,False
7575,False
4969,False
1387,False
3542,False
6506,False
366,True
8316,False
9707,False
7289,False
8838,True
1578,True
6015,False
4429,True
5491,False
8076,False
3578,True
3695,True
1744,False
2615,False
6132,False
3533,True
2718,True
6491,False
7441,False
5146,False
1446,False
3600,False
7330,False
8247,False
5717,False
6268,False
7626,False
5874,True
7663,False
5927,False
4552,True
5662,False
4520,True
730,False
7912,False
2709,False
8090,False
9139,False
2446,True
5149,False
7172,False
3153,True
8364,False
2781,False
5436,False
1523,True
1636,False
6537,False
5702,False
1334,False
9849,False
2396,False
2410,True
9540,False
9946,False
1329,False
4462,True
5417,False
4042,True
7084,False
9342,False
900,True
1940,True
2451,True
1085,False
7081,False
8924,False
1270,True
8313,False
8093,False
6080,False
2335,True
2473,True
4183,True
6076,False
8345,False
6038,False
7672,False
1312,True
1857,True
3601,True
6467,False
3951,False
6079,False
4153,False
7810,False
1108,True
3108,True
1019,False
8571,False
6341,False
7967,False
4927,True
3514,False
5744,False
8806,True
2618,False
2554,True
4116,True
5561,False
813,True
4842,True
6977,False
2610,True
7585,False
5005,False
6840,False
5280,False
3050,True
4561,True
677,False
6867,False
582,False
9363,False
2798,False
1377,True
2152,False
7025,False
9631,False
7146,True
6352,False
1686,True
5695,False
3794,True
2086,True
4812,True
9238,True
1024,False
2680,False
6204,False
5127,False
8008,False
1466,False
3896,False
2797,False
133,True
1597,False
4523,True
4758,False
2771,True
789,True
9372,False
8371,False
5035,False
924,False
9864,False
8814,False
8799,False
4956,False
890,False
1267,False
4122,False
7586,False
5720,False
8239,False
6511,False
1072,False
7056,False
1697,True
841,False
1816,False
6737,False
3736,True
551,False
1291,True
8844,False
4102,True
4423,True
5388,False
5009,False
7030,False
9963,False
4221,False
9987,False
7109,False
3531,False
187,True
4968,False
5582,True
8485,False
9521,False
8138,False
9936,False
4001,True
4591,True
6048,False
9703,False
3559,False
7039,False
8218,False
2790,True
4071,True
9927,False
8409,False
7290,True
9085,False
4236,False
4558,False
3145,True
5368,False
5700,False
7971,False
479,False
4252,True
4490,True
8899,False
9774,False
7712,False
4314,True
253,True
6040,False
783,True
3284,True
9338,False
6070,False
1324,True
5525,True
3123,False
8828,False
4814,False
8841,False
2311,True
4179,False
7881,False
8954,False
7596,False
8931,False
2888,False
9293,False
6218,False
9472,False
1751,True
2458,True
6985,False
8816,False
1016,True
7809,False
833,False
8940,False
9419,False
2875,False
5706,False
3832,False
6060,False
5802,False
478,True
4231,True
788,False
3139,True
3710,False
6558,False
7741,True
4124,False
7893,False
8872,False
9627,False
7352,False
3403,True
4220,False
7381,False
824,True
1424,False
7249,False
7931,False
8306,False
5352,False
6338,False
908,False
2301,True
9907,False
5004,False
9450,False
9026,False
1280,True
5572,False
9052,False
7226,False
5997,False
7287,False
6885,False
1978,False
4353,False
2341,True
782,True
6451,False
5258,False
887,True
380,False
3993,False
7298,False
6113,False
5070,False
5260,False
1918,False
285,False
3761,False
358,True
496,True
8315,False
7555,False
6636,False
9333,False
7300,False
8410,False
3706,True
415,False
8161,False
7771,False
7911,False
5038,False
4076,True
5819,False
4613,False
5841,False
3619,True
6756,False
5505,False
706,False
1610,False
4586,False
2918,False
9544,True
595,True
840,True
8921,False
6702,False
5766,False
3772,False
9180,False
1420,False
7826,False
7206,False
3144,True
5187,False
822,True
7736,False
8088,False
2858,True
5373,False
2947,False
386,False
6922,False
6978,False
7541,False
5691,False
98,False
9412,False
235,False
4415,False
178,False
6639,False
9977,False
2159,True
7313,False
7806,False
5688,False
3811,False
1671,False
906,True
5682,False
8130,False
3421,False
7707,True
660,True
5726,False
3723,True
1877,False
4348,True
2673,False
6114,False
6434,False
2839,False
3445,False
6947,False
8156,True
9945,False
802,True
2757,True
7222,False
3649,False
2178,True
3166,False
579,False
2841,False
3381,False
2756,False
6827,False
6420,False
2897,False
32,True
9115,False
1193,True
6852,False
231,False
7547,False
767,False
5654,False
1886,False
2103,False
9884,False
4396,False
1950,True
6620,False
6286,False
421,False
2898,True
7349,False
5574,False
6597,False
4961,True
7040,False
4189,False
9710,False
1261,False
8653,False
1225,False
607,True
5299,False
5302,False
7852,False
5936,False
9151,False
379,True
5675,False
26,True
6192,False
2899,True
6250,False
3688,True
963,True
4880,True
4374,True
9994,False
1476,False
8755,False
8534,False
7682,False
8713,False
9230,False
7848,False
1097,False
6616,False
3800,False
7123,False
7966,False
3,False
1809,True
9406,False
3221,False
9786,False
9991,False
9019,False
4980,False
247,False
9182,False
5174,False
7455,False
8415,False
6178,False
9057,False
9964,False
5209,False
1232,True
3842,True
4200,True
7240,False
9465,False
9285,False
9636,False
2724,True
4858,True
6435,False
2195,False
7695,False
1131,False
5114,False
8452,False
784,False
4098,True
6166,False
8599,False
1630,False
8574,False
3638,True
9740,False
986,True
6176,False
6721,False
3276,False
8086,False
8038,False
7991,False
9855,False
8567,False
1979,False
1645,False
5917,True
3395,True
4848,False
4331,True
261,True
2859,True
2930,True
6065,False
5622,False
8226,False
1317,False
3190,False
3583,False
9270,False
9996,False
4797,False
6441,False
6074,False
9375,False
1206,False
3913,False
1700,False
1474,True
2997,False
6624,False
5024,False
4060,False
1880,True
9985,False
2543,True
6129,False
5180,False
574,True
775,False
755,True
9606,False
5800,False
6825,False
8246,False
58,True
9787,False
9055,False
8317,False
8778,False
4287,True
3503,False
6973,False
2269,False
8738,False
348,True
920,True
336,True
6945,False
179,False
1099,True
6751,False
6837,False
2275,True
2328,True
2130,True
8937,False
9841,False
2741,True
372,False
7278,False
1915,True
8073,False
6090,False
2987,True
6898,False
3418,True
9555,False
1716,True
3730,True
554,False
1759,True
3400,False
820,True
4111,False
16,True
9911,False
7450,False
9357,False
2791,True
7217,False
8495,False
7702,False
5884,False
6556,False
655,False
5217,False
3380,False
2185,False
4521,False
6380,False
6689,False
1783,False
2783,False
4262,False
3352,True
597,False
3919,True
6563,False
1276,False
2150,True
2119,True
1107,True
3211,True
4174,True
5754,False
1158,False
8764,False
1625,False
7572,False
5291,False
7227,False
8121,False
7803,False
4681,False
7656,False
3106,True
3669,False
5461,True
6916,False
180,True
7176,False
614,True
2855,True
4664,False
6658,False
5533,False
5942,False
9345,False
5857,False
6087,False
7766,False
9932,True
3663,True
5793,False
8540,False
2950,False
5764,False
4178,False
8712,False
6279,False
8842,False
6975,False
8723,False
5821,False
1319,True
6785,False
2529,True
9825,False
5601,False
6056,False
6544,False
7457,False
1679,False
1208,False
8101,False
1864,True
2758,True
6503,False
4258,False
6643,False
8187,False
8685,False
8926,False
9784,False
6391,False
2664,False
9470,False
6162,True
3602,True
3591,False
484,True
5044,False
6741,False
1063,False
3918,True
8847,False
3024,True
1159,True
8919,False
3995,False
8817,False
9264,False
1345,False
9477,False
9862,False
8119,False
2137,False
2823,False
4322,False
9519,False
2744,True
6641,False
6581,False
5984,False
5278,False
1406,False
8010,False
2775,False
4414,True
3952,True
1800,False
2392,False
2890,True
1601,True
5657,False
3303,False
2809,True
7996,False
9415,False
9317,False
9661,False
1088,False
1498,True
3241,True
2306,False
1212,True
809,True
5206,False
2528,False
3797,False
7186,False
3069,False
2464,False
6169,False
1708,True
2099,True
8,False
1806,False
7780,True
1043,True
9015,False
6774,False
14,True
3678,False
4288,False
7239,False
3926,False
9610,False
1564,False
2243,True
2537,True
8278,False
1117,True
6728,False
9851,False
8729,False
3185,False
2707,True
8717,False
834,True
3469,False
5725,False
3315,True
978,False
8344,False
6731,False
3576,False
6280,True
2181,True
6318,False
5178,False
9146,False
4280,False
4079,True
8005,False
1102,False
3322,True
1033,False
6370,False
7478,False
2814,False
4383,True
3940,True
7193,False
6312,False
1852,False
8845,False
1130,False
5920,False
1236,False
9706,False
1265,True
5555,False
7346,False
9658,False
9933,False
9715,False
3668,False
3109,False
7051,False
5846,False
153,True
613,False
1569,True
7713,False
9966,False
3945,True
8525,False
250,False
9676,False
2850,True
8593,False
7399,False
3776,False
1180,False
5478,False
5310,False
1653,True
3637,False
9748,False
2254,False
4651,True
9954,False
2442,True
1077,False
4138,True
3014,False
3648,False
8558,False
9652,False
3347,True
1991,True
3880,True
3515,True
793,True
1949,True
3340,True
8500,False
936,False
8049,False
2488,False
475,True
8642,False
1536,True
8701,False
4069,True
610,True
6086,False
4691,True
3437,False
2459,False
536,True
8660,False
6601,False
825,True
1417,False
8282,False
1860,True
6205,False
5082,False
7953,False
9955,False
1511,False
7452,False
9811,False
555,False
5270,False
1639,False
464,False
77,False
3422,True
945,True
1032,False
3957,False
2564,True
8442,True
9916,False
7940,False
1020,False
9059,False
8403,False
1528,True
3505,False
4819,True
5157,True
6196,False
7761,False
1181,False
8771,False
5255,False
6398,False
7261,False
6942,False
8520,False
7140,False
2540,False
2436,True
3915,False
6049,False
7753,False
3655,False
3423,False
6390,False
5781,False
5845,False
9234,False
4583,True
3645,False
6444,False
2165,False
1315,False
1465,False
3738,False
5057,False
4371,True
1421,False
146,True
3792,False
3905,True
6611,False
8882,False
6796,False
1884,False
7386,False
2657,True
5701,False
264,True
6817,False
892,False
9509,False
7243,False
333,False
901,True
1081,False
6256,False
9680,False
5868,False
7500,False
7507,False
3537,False
7048,False
3451,True
2404,False
1204,False
8257,False
3493,True
1707,True
3823,False
4306,True
5200,False
1718,False
9147,False
3544,False
3199,False
9383,False
8193,False
8936,False
1773,False
2006,False
7388,False
1878,True
8575,False
2126,True
1278,True
3426,True
7259,False
2491,True
774,False
5338,False
5152,False
7559,False
8070,False
6295,False
7417,True
3073,False
1454,False
6609,False
4427,True
1354,True
8594,False
2406,False
6607,False
5710,False
6828,False
5023,False
8560,False
9516,False
8951,False
2532,True
5504,False
2716,False
2865,False
5367,False
5865,False
7099,False
5496,False
5430,False
2686,True
7010,False
68,False
3311,True
4065,True
1071,True
3305,True
7804,False
9700,False
3455,False
8287,False
9536,False
8279,False
5013,False
6585,False
3763,True
147,False
1938,True
1140,True
5587,True
817,False
7903,False
8074,False
7932,False
2112,True
5680,False
5511,False
56,True
6292,False
4608,True
2064,False
9339,False
4469,True
5945,False
5110,False
9657,False
9663,False
3779,True
6520,False
746,False
911,True
8198,False
7392,False
6394,False
2569,False
7460,False
2555,True
6241,False
1275,True
9497,False
3090,False
4406,True
9537,False
6302,False
1025,False
2048,False
113,False
6117,False
5237,False
3462,False
9995,False
7244,False
1269,False
1482,True
4817,True
3357,False
1838,True
8997,False
6548,False
9837,False
1018,True
870,True
690,False
9007,False
2870,False
8467,False
5452,False
7751,False
5297,False
7161,False
9541,False
6955,False
2808,False
2988,False
3309,False
6215,False
9926,False
8357,True
2778,False
4582,False
4428,True
8040,False
888,False
930,False
6917,False
9580,False
8111,False
2015,True
9360,False
1349,True
9885,False
6305,True
6626,False
2164,True
9557,False
6746,False
9505,False
1819,False
2213,False
2285,True
8964,False
858,True
5679,False
3308,True
6940,False
2499,True
3262,False
2304,True
559,False
282,True
6873,False
2864,True
3599,True
8514,False
3460,False
6736,False
2307,True
3171,False
9894,False
5176,False
8854,False
5281,False
6592,False
5637,False
1339,False
6069,False
3461,False
1962,True
3509,False
3907,True
2581,False
1897,True
2477,False
1143,True
7861,False
3716,False
1484,False
5404,False
1393,False
6610,True
106,True
8229,False
9739,True
1228,False
4074,False
1829,True
6263,False
3520,False
6249,False
2295,True
3805,False
8148,False
9102,False
4285,True
3470,True
7369,False
2747,True
9675,False
4418,False
8413,False
7080,False
4046,False
2257,True
5914,False
8521,True
2397,False
2658,True
7468,False
4193,True
5251,False
8913,False
2891,True
7142,False
468,False
2416,True
4144,False
2575,False
2544,False
743,False
1727,False
2169,True
5433,False
9335,False
8242,False
7445,False
5852,False
5810,False
6311,False
2595,False
4538,True
7993,False
1192,False
5379,False
3969,False
1980,True
9928,False
1658,False
3858,False
6568,False
240,False
8835,False
2719,True
9915,True
7715,False
3570,False
24,True
4828,False
1926,False
772,False
953,True
7204,False
1481,True
3929,False
6798,False
2650,False
620,True
1592,True
6739,False
5778,False
2383,False
2944,True
7885,False
5716,False
8880,False
7910,False
4593,False
5631,False
1500,False
2260,False
2425,True
9771,False
4784,True
5386,False
9111,False
3304,False
8020,False
2637,False
8808,False
9693,False
64,False
1695,False
5366,False
2127,True
8993,False
8453,False
1237,True
4804,False
1470,True
1505,False
9311,False
991,False
6161,False
7152,False
572,True
7612,False
1408,False
3685,False
2008,True
2480,True
6101,False
4265,True
1362,True
45,True
5273,False
8007,False
4667,True
8875,False
1133,True
8333,True
9308,False
9681,False
815,False
7909,False
42,True
1965,True
4393,False
1083,False
4503,False
7482,False
5177,True
7328,True
7950,False
7668,False
3240,True
5109,False
3577,True
6752,False
8966,False
2460,True
6360,True
4349,False
985,True
6879,False
1682,True
9258,False
8625,False
7384,False
8051,False
4714,False
7045,False
2517,True
4889,True
2172,True
9671,False
5597,False
4756,False
7685,False
6064,False
4750,True
4464,False
2863,True
6009,True
367,False
4822,True
1100,True
7933,False
1240,True
5855,False
6024,False
7219,False
1293,False
1410,True
416,False
1197,False
3879,True
883,True
4704,True
6364,False
7544,False
7681,False
3302,False
6809,False
8066,False
4225,False
4764,False
7536,True
7258,False
8883,False
3038,False
8296,False
5025,False
7469,False
6041,True
4494,True
9836,False
4876,True
5389,False
497,True
499,True
6269,False
4670,False
7262,False
1068,True
2012,True
1689,True
6679,False
702,True
4075,True
2371,True
3087,False
7677,False
657,False
3756,True
2393,True
7854,False
7361,False
7837,False
9482,False
9524,False
5276,False
3768,False
7162,False
8285,True
9004,False
1414,True
5160,True
1990,True
571,False
43,False
4444,False
5989,False
6795,False
937,False
267,True
1508,False
101,False
4641,False
7373,False
1709,True
4685,True
2723,True
1023,False
3848,False
2616,True
5610,False
4877,False
8464,False
81,False
926,True
9803,False
6381,False
4278,False
972,True
5119,False
8786,False
976,True
8757,False
4011,False
3810,True
7959,False
7305,False
8967,False
9556,False
2498,False
7110,False
4018,False
9780,False
8877,False
6680,False
9651,False
6645,False
1129,False
4957,False
1164,False
350,True
1961,True
2711,True
7962,False
5963,False
29,True
3507,True
5767,False
2927,False
1589,True
1976,True
7548,False
1251,True
7357,False
2242,True
4926,True
3643,True
3107,False
2041,False
9515,False
5172,False
4351,True
4496,True
2221,False
3287,False
8143,False
5588,False
2042,True
3398,False
9679,False
8134,False
3817,False
7770,False
4456,False
4216,False
4317,False
3935,True
7832,False
2994,True
5487,False
2047,False
4295,True
4539,False
2493,False
1086,True
8388,False
8782,False
9633,False
8182,False
3342,False
2644,True
8887,False
3809,True
399,False
7023,True
2635,True
4446,False
4904,True
1172,True
4437,True
9913,False
1912,False
7749,False
161,True
8658,False
1782,False
9755,False
7365,False
9304,False
8356,False
9643,False
5329,False
5786,False
4749,False
3589,True
8960,False
5607,False
395,False
5091,False
9449,False
715,False
6948,False
2867,True
2215,True
6010,False
6792,False
3837,False
5627,False
6836,True
1722,True
2069,False
9269,False
4802,True
4132,False
4453,False
8437,False
6910,False
9268,False
6100,False
2755,True
446,True
8325,False
3865,False
2501,False
6718,False
515,True
6545,False
73,True
7943,False
946,True
3181,False
1580,False
9423,True
2715,False
271,True
6784,False
2506,False
7688,False
6165,False
281,False
363,True
3310,True
2138,True
2587,False
1486,False
1844,False
3671,False
4084,True
3592,True
8270,False
2209,False
2197,False
3574,True
4994,False
3538,True
8623,False
4668,False
6252,False
1824,True
6392,False
6359,False
7340,False
9669,False
7686,False
5305,True
1685,True
6229,False
6181,False
7077,False
7859,False
2278,False
7150,False
7608,False
1739,True
3402,True
454,False
3097,False
9711,False
5080,False
6733,False
7755,False
4167,False
1665,True
6729,False
810,True
6258,False
3883,False
7573,True
3335,False
238,False
2787,False
2958,False
7003,False
1830,True
7733,False
1174,True
3948,False
5078,False
8549,False
209,False
1058,False
7282,False
6402,False
6932,False
2329,True
3642,False
5988,False
5825,False
5823,False
4296,False
4992,False
4622,False
8427,False
8805,False
7354,True
902,False
5289,False
4483,False
5311,False
2607,True
6865,False
125,False
5066,True
3866,False
8545,False
1279,False
80,True
6505,False
3203,False
6228,False
5213,False
7210,False
3976,True
4541,True
3452,True
4892,True
654,True
8949,False
3947,True
5761,False
4275,False
4560,False
6170,False
6227,False
6527,False
5970,False
4300,False
4147,False
1231,True
4342,True
7304,False
3184,False
9958,False
5300,False
1037,False
5527,False
5268,True
9228,False
9469,False
8286,False
2401,False
1218,True
5238,False
7336,False
5941,False
907,False
9463,False
3260,False
9575,False
7855,False
8700,False
6199,False
879,True
2634,True
2010,True
8199,False
3920,True
3927,False
6299,False
9730,False
4791,False
6526,False
8617,False
3821,True
7867,True
4679,False
9756,False
7315,False
8528,False
1779,True
4662,False
7955,False
5342,False
4460,False
6613,False
1943,True
2305,False
7737,False
2132,True
3910,False
6598,False
7322,False
474,True
4330,True
8423,False
8496,False
7257,False
3813,True
8582,False
9369,False
7408,False
7540,False
0,False
1776,True
1053,True
4419,False
650,True
4151,False
3474,False
3000,True
5010,False
8022,False
6775,False
3840,False
765,False
8809,False
5451,False
4906,True
4697,True
2407,False
4637,False
9053,False
593,False
1925,False
2049,True
5566,False
2530,True
6990,False
8062,False
4436,True
2754,False
1617,True
5598,False
917,True
6428,False
7285,False
5012,False
6062,False
1118,True
9233,False
622,False
9348,False
3036,False
5842,False
8377,True
9169,False
2589,True
9619,False
424,False
1602,True
5324,False
2387,False
9591,False
2054,False
3785,True
1337,True
575,True
547,False
3189,True
674,True
668,False
8759,False
6385,False
8054,False
948,True
526,True
7413,False
8683,False
2160,True
5531,False
8288,False
1967,False
2318,True
3744,True
6929,False
5969,False
5059,False
6465,False
9246,False
3605,False
3742,True
633,False
3341,False
5709,False
6696,False
7054,False
4884,False
2941,False
4442,False
9598,False
4491,True
9547,False
9492,True
7280,True
5926,False
2324,False
4445,False
9496,False
3985,True
86,False
9714,True
6846,False
1401,True
1896,False
4793,False
3035,False
410,True
2372,False
6127,False
9001,False
9104,False
5564,False
7710,False
6854,False
2113,True
723,False
9567,False
3454,True
2962,True
6571,False
6283,False
7723,False
8414,False
6479,False
5620,False
7480,False
8968,True
7438,False
2121,False
2646,False
7821,True
2576,True
2691,True
6970,False
1969,False
2052,True
7159,False
8601,False
8305,False
1543,True
4061,False
3540,True
5756,False
7556,False
740,False
7673,False
8550,False
8476,False
7693,False
5194,False
9565,False
7600,False
2262,True
6595,False
6587,False
4950,True
117,False
5199,False
8846,False
5938,False
7144,False
368,False
2767,True
1241,False
2280,False
7201,False
4473,False
4083,True
7876,True
8533,False
6109,False
5346,False
8595,False
3162,False
5265,False
4218,False
868,False
753,False
4320,True
9908,False
5826,False
9795,False
8635,False
6590,False
6155,False
5878,False
726,False
9074,False
7506,False
184,True
1469,True
5983,False
2238,False
6550,True
2085,True
4987,True
7071,False
8100,False
8293,False
128,False
8711,False
6323,False
7866,False
4267,True
2547,True
7808,False
6880,False
503,True
8145,False
8775,False
877,True
2545,True
3034,True
1595,False
6171,False
8484,False
216,False
3473,False
2698,True
312,False
7917,False
8404,False
3677,False
6194,False
676,False
7635,True
8644,True
1327,True
9096,False
4208,True
263,False
9828,False
6814,False
8438,False
4106,True
7631,False
1942,False
5653,False
4219,True
196,False
1325,False
9840,False
2963,False
5611,False
2274,False
2998,False
422,True
6497,False
6013,False
7055,False
2291,False
4037,False
6115,False
5175,False
2642,False
1669,False
6502,False
7927,False
6897,False
2348,True
5776,False
4112,True
8820,False
4031,False
852,True
1573,False
9765,False
636,False
4426,True
5002,False
1457,True
9712,False
3081,True
3433,False
3176,True
4096,False
7403,False
4043,False
7560,False
2271,True
751,True
6981,False
4311,True
185,False
5353,False
8886,False
4185,True
6094,False
687,True
8957,False
8201,False
6651,False
866,True
362,False
5513,False
5891,True
7653,False
5658,False
9498,False
2666,True
4855,True
5992,True
6653,False
9397,False
3543,True
673,True
1788,True
9144,False
7762,False
2999,True
4850,True
4902,True
3212,True
351,False
3908,False
519,True
7829,False
1721,False
3475,True
9645,False
457,False
6703,False
6125,False
3572,False
2913,True
3614,True
1758,True
7375,False
6436,False
2929,False
4394,False
7813,False
5824,False
1007,False
1556,False
5934,False
5690,False
6201,False
1179,False
3202,False
2804,True
1066,False
4924,True
3328,True
2687,False
6738,False
6525,False
5968,False
9687,False
8418,False
8057,False
1419,True
2340,True
3094,True
3528,True
2619,True
7630,False
4089,False
5534,False
9554,False
5094,False
1993,True
5670,False
7324,False
8142,False
6193,False
5692,False
5752,False
5494,False
2977,False
8044,False
7703,False
3142,False
7275,False
390,True
2298,True
1440,True
844,False
6853,False
8900,False
4126,False
1460,False
6180,False
3541,False
9922,False
9747,True
469,False
2954,False
3025,True
3011,False
4255,True
6726,False
2872,False
7314,False
4091,False
4913,True
9717,False
5578,False
7620,False
9724,False
4416,False
5250,False
643,False
6844,False
7236,False
6934,False
2201,False
2703,True
245,False
8237,False
7389,False
102,True
502,False
23,False
5866,False
8202,False
2807,True
1383,False
7539,False
5096,False
7847,False
7085,False
392,True
3154,False
9197,False
1761,False
5544,False
4639,True
9442,False
1935,True
1654,True
2588,False
6761,False
8714,False
6310,False
8824,False
6395,False
1903,False
7377,False
2353,True
7828,False
8971,False
7655,True
763,False
1356,True
3712,True
4801,True
4710,True
8891,False
3399,True
9550,False
5696,False
8473,False
2563,False
4688,False
1774,False
2490,True
6982,False
8346,False
7064,False
1227,False
2250,True
5646,False
2669,True
8741,False
2630,True
5703,False
4779,False
6870,False
5550,False
9549,True
9374,False
8014,False
6374,False
9744,False
9126,False
5244,True
400,True
1198,True
8204,True
3841,True
2377,True
3476,True
8676,False
1438,True
9172,False
344,False
5084,False
2098,True
4243,False
3996,True
6894,False
2289,False
6216,False
1822,False
8527,False
1154,True
7147,False
2081,False
1586,False
9459,False
1353,False
5410,False
8469,False
8554,False
5618,False
5492,False
2470,False
9490,True
7551,False
3130,False
598,False
2497,False
6110,False
9046,False
5774,False
3894,False
5285,False
8858,False
5661,False
8586,False
8449,False
7498,False
9340,True
4375,True
1558,False
7221,False
6221,False
5512,False
1549,True
5341,False
8227,False
2780,False
9217,False
8470,False
3233,False
9265,False
9229,False
7985,False
5951,False
2889,True
8290,False
6158,False
4851,True
9479,False
7192,False
6342,False
9127,False
644,True
1294,False
1917,False
7999,False
1680,True
7464,False
7180,False
3941,False
7719,False
9429,False
1842,False
3872,False
4807,True
6965,False
3317,False
2570,False
7942,True
413,False
7158,False
8948,True
683,False
136,False
9697,False
4045,True
9100,False
3033,True
1435,True
7456,False
4947,True
4600,False
954,True
9213,False
5663,False
6482,False
5186,False
9297,False
8234,False
8146,False
3745,True
1185,True
8917,False
3471,False
3453,True
1557,True
1973,False
7593,False
419,False
8024,False
3371,False
1310,False
4408,True
8307,False
8494,False
5330,False
973,True
941,True
3366,False
3288,False
9797,False
193,False
3603,False
6206,False
1795,False
3833,True
587,False
9174,False
5371,False
5482,False
2892,False
2639,False
8422,False
4575,True
5484,False
1985,True
6485,False
6693,False
6968,False
4009,False
5625,False
7318,False
4187,False
5306,False
3059,True
5795,False
6681,False
364,False
7124,False
6409,False
4385,False
9518,False
1160,True
2736,False
6805,False
6488,False
4754,True
5295,False
1676,True
7666,False
8801,False
8266,False
1539,False
9156,False
2683,False
2107,True
790,True
7311,False
9897,False
7277,False
3611,True
8433,False
55,False
9031,False
8580,False
9870,False
6157,False
2689,True
4192,False
3151,False
5649,False
5481,False
9858,False
4097,False
7476,False
5359,False
6660,False
988,True
1113,True
838,False
5170,False
5948,False
6131,False
9777,False
409,False
9950,False
9997,False
4127,True
8154,False
4395,True
1215,False
8063,False
2936,True
2241,True
407,False
816,True
7528,True
1199,False
4963,True
5515,False
871,False
3365,True
3936,False
1998,False
2447,True
1832,False
4368,False
2175,False
6518,False
2114,True
2782,True
2299,False
7237,False
606,False
5108,False
6486,False
2331,False
7400,False
3502,False
8191,False
3623,False
1499,True
4699,True
6770,False
4717,False
741,False
6546,False
1207,False
6481,False
4776,True
3501,True
1781,False
1029,False
1888,False
4606,False
9947,False
7616,False
5893,False
8361,False
8656,False
396,True
957,True
1845,True
10,False
3767,False
8991,False
5982,False
9896,False
1092,False
7865,False
8773,False
2145,True
9688,False
1684,False
3856,True
5322,False
1506,False
7614,False
9980,False
8318,False
569,True
6019,False
6492,False
6779,False
5016,False
3136,False
9274,False
2412,False
5362,False
1492,False
381,True
9889,False
5168,False
4825,False
8715,False
3699,False
8698,False
7425,False
5638,False
7033,False
3770,True
8497,False
5150,False
214,True
6688,False
1259,False
548,True
8241,False
4313,False
7956,False
6579,False
1873,True
4911,True
8136,False
7661,False
160,True
9672,False
3067,False
9141,False
5959,False
1606,True
5645,False
5092,False
1238,True
2496,False
7105,False
1183,False
5562,False
9164,False
426,False
7954,False
5993,False
481,True
7390,False
5426,True
7068,False
7816,False
1296,False
6958,False
5678,False
8868,False
3121,False
8133,False
1771,True
6668,False
7654,False
5136,False
4484,True
4466,False
9205,False
5573,False
6782,False
3964,False
2896,True
4467,True
1463,False
335,False
9451,False
9401,False
2102,False
8458,False
3193,False
3049,False
6037,False
7793,False
3396,True
2028,True
9032,False
6191,False
6012,False
5807,False
3517,False
9962,False
8369,False
494,False
4345,True
6365,False
4605,False
8666,False
5704,False
9313,True
1885,True
5428,False
7568,False
7716,False
9655,False
9458,False
1153,False
5668,True
9283,False
384,True
529,True
3682,False
2609,True
1863,False
8682,False
8779,False
3900,False
2432,False
6862,False
7164,False
7250,False
2578,True
8446,False
172,False
417,False
61,False
6260,False
7179,False
7433,True
2253,False
3209,True
4140,False
9917,True
8373,False
3585,True
5007,False
8036,False
1223,False
1876,True
1810,False
8180,False
20,False
3198,False
4794,False
7095,False
8488,False
6732,False
7768,False
7595,False
8025,False
3912,True
2420,False
2216,True
3667,False
1399,True
2068,False
3114,True
7401,False
7310,False
4315,True
3442,False
3653,False
6343,False
7449,False
149,True
4107,False
6448,False
8874,False
6483,True
5239,True
2173,True
2227,False
9461,True
2996,True
8141,False
9165,False
2136,True
5313,False
6838,False
9766,False
9604,False
3201,True
2342,True
5734,False
2337,False
7393,False
4958,True
4044,True
4731,True
3822,False
2551,False
1833,False
4319,False
2198,True
8914,False
3031,False
1371,False
9294,False
4059,True
1805,True
8168,False
781,True
8742,False
6893,False
9607,False
8810,False
9376,False
7995,False
8559,False
4206,False
1828,True
2866,False
4336,False
5641,False
7501,False
6509,True
4421,True
4940,True
471,True
8385,False
1145,False
6772,False
9194,False
681,True
4603,False
764,False
7862,False
2562,False
1763,False
705,False
2053,False
2986,True
7772,False
4971,True
2445,False
3074,True
5773,False
7108,False
9682,False
4108,True
4705,True
4915,True
7537,False
4891,True
5148,False
3545,False
4895,False
6187,False
8811,True
9251,False
5840,False
7969,False
9899,False
6152,False
4269,True
7775,False
7167,False
7584,False
7619,False
8657,False
8783,False
3358,True
6528,False
2599,False
4712,False
8045,False
1710,False
5844,False
3516,False
7889,False
5197,False
8734,False
570,False
4381,False
8925,False
6757,False
5630,False
5722,False
6700,False
7126,False
4650,True
3261,True
5856,False
3156,False
2821,False
9437,False
3631,True
6959,False
8976,False
7505,False
6931,False
1344,True
996,True
2314,True
8866,False
7053,False
3200,False
7763,False
2985,False
2628,False
623,False
4035,False
3420,True
5768,False
2180,False
4916,False
9511,False
4657,True
1628,False
7895,False
2431,False
2090,False
5935,False
2503,False
5621,False
7004,False
792,False
239,True
6288,False
1603,False
4831,False
3272,True
6608,False
5939,False
4628,True
9727,False
6810,False
7472,False
5737,False
3449,False
6640,False
1105,False
7639,False
9402,False
3127,False
5473,False
6964,False
2264,False
6776,False
3625,True
3006,True
5095,False
7331,False
4049,True
8952,True
1677,False
9596,False
4707,False
7957,False
6138,False
2740,True
3477,True
5332,False
1400,False
1892,True
2129,True
9701,False
8308,False
9720,False
4501,True
6179,False
1464,True
6909,False
5730,False
2288,False
8082,True
3700,True
8547,False
169,True
3796,True
1666,True
9941,False
6148,False
5088,False
5222,False
7177,False
8362,False
7538,False
8483,False
3889,True
1930,True
6820,True
3590,False
2577,True
9882,False
5921,True
7032,False
5652,True
8144,False
3314,True
6631,False
355,False
6813,False
4316,False
7760,False
7915,False
9930,False
8945,False
9041,False
6293,True
5758,False
7486,False
4145,True
6403,False
2922,False
4028,True
7907,False
3818,False
4119,False
2022,False
9495,False
2303,True
2647,True
4326,False
9407,False
4176,False
565,False
7246,True
8833,False
6745,False
4266,False
5398,True
1314,True
2434,False
3389,False
642,False
3270,True
9278,False
2219,True
4152,False
265,True
6032,False
1796,True
4103,False
8441,False
8910,False
1497,True
1905,False
1496,False
4982,False
224,True
1854,False
3571,False
6400,False
6306,False
223,False
360,False
8609,False
3867,False
9045,False
7200,False
9960,False
2327,True
9507,False
693,False
3834,True
3497,False
4890,True
553,True
4619,False
9888,False
7637,False
3208,True
299,True
6294,False
8260,False
518,False
3045,True
8659,False
2474,True
7415,False
9287,False
7882,False
5419,False
2297,True
830,False
1307,False
439,False
7122,False
9798,False
6734,False
7711,False
1568,True
5116,False
2080,True
8710,False
9109,False
9216,False
9054,False
3750,True
9750,False
6460,False
9485,False
7648,False
2083,True
2685,False
9410,False
537,False
3702,True
8890,False
3795,True
1127,False
8406,False
2063,False
7041,False
4673,False
6692,False
8079,False
6695,False
2235,False
5537,False
4499,False
3129,True
1882,True
5711,False
9776,False
5312,False
2507,False
49,False
7174,False
4019,True
8857,False
3674,False
39,False
347,True
6175,False
9704,False
9256,False
8787,True
